segment_value,row_count,default_count,default_rate,total_exposure,average_amount,median_amount,segment_column,portfolio_share,default_rate_pct,exposure_share,governance_note
Other,44850,4091,0.091215,4907790001.000000,138049.281342,77385.000000,gender,0.333663,9.121500,0.333897,Descriptive monitoring only; do not use sensitive/proxy-sensitive fields in the first baseline model without approved governance review.
Female,44898,4059,0.090405,4897824415.000000,136887.211151,75941.500000,gender,0.334020,9.040500,0.333219,Descriptive monitoring only; do not use sensitive/proxy-sensitive fields in the first baseline model without approved governance review.
Male,44669,4003,0.089615,4892905472.000000,138030.508689,76147.500000,gender,0.332317,8.961500,0.332884,Descriptive monitoring only; do not use sensitive/proxy-sensitive fields in the first baseline model without approved governance review.
Unknown,45084,4122,0.091429,4945160700.000000,137967.265575,75590.000000,married,0.335404,9.142900,0.336439,Descriptive monitoring only; do not use sensitive/proxy-sensitive fields in the first baseline model without approved governance review.
No,44496,4009,0.090098,4900894269.000000,138447.251872,77189.000000,married,0.331030,9.009800,0.333428,Descriptive monitoring only; do not use sensitive/proxy-sensitive fields in the first baseline model without approved governance review.
Yes,44837,4022,0.089703,4852464919.000000,136546.836227,76872.000000,married,0.333566,8.970300,0.330133,Descriptive monitoring only; do not use sensitive/proxy-sensitive fields in the first baseline model without approved governance review.
2,26838,2515,0.093710,2934103629.000000,137197.401524,76351.500000,dependents,0.199662,9.371000,0.199619,Descriptive monitoring only; do not use sensitive/proxy-sensitive fields in the first baseline model without approved governance review.
4,26831,2485,0.092617,2950167148.000000,138006.602797,78730.000000,dependents,0.199610,9.261700,0.200712,Descriptive monitoring only; do not use sensitive/proxy-sensitive fields in the first baseline model without approved governance review.
1,26731,2407,0.090045,2877353648.000000,136090.131391,73939.000000,dependents,0.198866,9.004500,0.195758,Descriptive monitoring only; do not use sensitive/proxy-sensitive fields in the first baseline model without approved governance review.
0,26890,2420,0.089996,2980637684.000000,139379.830910,78289.000000,dependents,0.200049,8.999600,0.202785,Descriptive monitoring only; do not use sensitive/proxy-sensitive fields in the first baseline model without approved governance review.
3,27127,2326,0.085745,2956257779.000000,137577.149060,75328.500000,dependents,0.201812,8.574500,0.201126,Descriptive monitoring only; do not use sensitive/proxy-sensitive fields in the first baseline model without approved governance review.
Rent,56442,5853,0.103699,2111629876.000000,48898.431734,32072.000000,home,0.419902,10.369900,0.143663,Descriptive monitoring only; do not use sensitive/proxy-sensitive fields in the first baseline model without approved governance review.
Own,12397,1080,0.087118,1031294798.000000,100840.402660,39924.000000,home,0.092228,8.711800,0.070163,Descriptive monitoring only; do not use sensitive/proxy-sensitive fields in the first baseline model without approved governance review.
Mortgage,65490,5204,0.079463,11546242225.000000,216704.683189,188163.000000,home,0.487215,7.946300,0.785538,Descriptive monitoring only; do not use sensitive/proxy-sensitive fields in the first baseline model without approved governance review.
XX132X,104,17,0.163462,8147521.000000,100586.679012,81590.000000,pincode,0.000774,16.346200,0.000554,Descriptive monitoring only; do not use sensitive/proxy-sensitive fields in the first baseline model without approved governance review.
XX82X,143,23,0.160839,18416286.000000,164431.125000,113686.500000,pincode,0.001064,16.083900,0.001253,Descriptive monitoring only; do not use sensitive/proxy-sensitive fields in the first baseline model without approved governance review.
XX992X,142,22,0.154930,14983467.000000,137463.000000,140898.000000,pincode,0.001056,15.493000,0.001019,Descriptive monitoring only; do not use sensitive/proxy-sensitive fields in the first baseline model without approved governance review.
XX274X,126,19,0.150794,11629785.000000,115146.386139,77471.000000,pincode,0.000937,15.079400,0.000791,Descriptive monitoring only; do not use sensitive/proxy-sensitive fields in the first baseline model without approved governance review.
XX927X,198,29,0.146465,13568987.000000,86980.685897,31646.000000,pincode,0.001473,14.646500,0.000923,Descriptive monitoring only; do not use sensitive/proxy-sensitive fields in the first baseline model without approved governance review.
XX365X,135,19,0.140741,13377451.000000,125022.906542,90569.000000,pincode,0.001004,14.074100,0.000910,Descriptive monitoring only; do not use sensitive/proxy-sensitive fields in the first baseline model without approved governance review.
XX912X,122,17,0.139344,8889620.000000,98773.555556,33271.000000,pincode,0.000908,13.934400,0.000605,Descriptive monitoring only; do not use sensitive/proxy-sensitive fields in the first baseline model without approved governance review.
XX482X,180,25,0.138889,13069619.000000,87715.563758,58317.000000,pincode,0.001339,13.888900,0.000889,Descriptive monitoring only; do not use sensitive/proxy-sensitive fields in the first baseline model without approved governance review.
XX17X,162,22,0.135802,25478447.000000,205471.346774,131925.500000,pincode,0.001205,13.580200,0.001733,Descriptive monitoring only; do not use sensitive/proxy-sensitive fields in the first baseline model without approved governance review.
XX142X,268,36,0.134328,18236101.000000,89833.009852,53277.000000,pincode,0.001994,13.432800,0.001241,Descriptive monitoring only; do not use sensitive/proxy-sensitive fields in the first baseline model without approved governance review.
XX711X,112,15,0.133929,12009048.000000,134933.123596,118910.000000,pincode,0.000833,13.392900,0.000817,Descriptive monitoring only; do not use sensitive/proxy-sensitive fields in the first baseline model without approved governance review.
XX103X,354,47,0.132768,42526190.000000,161084.053030,55641.000000,pincode,0.002634,13.276800,0.002893,Descriptive monitoring only; do not use sensitive/proxy-sensitive fields in the first baseline model without approved governance review.
XX894X,175,23,0.131429,19282796.000000,141785.264706,114408.000000,pincode,0.001302,13.142900,0.001312,Descriptive monitoring only; do not use sensitive/proxy-sensitive fields in the first baseline model without approved governance review.
XX325X,297,39,0.131313,28350411.000000,123262.656522,70803.000000,pincode,0.002210,13.131300,0.001929,Descriptive monitoring only; do not use sensitive/proxy-sensitive fields in the first baseline model without approved governance review.
XX284X,183,24,0.131148,19613460.000000,134338.767123,96525.500000,pincode,0.001361,13.114800,0.001334,Descriptive monitoring only; do not use sensitive/proxy-sensitive fields in the first baseline model without approved governance review.
XX83X,122,16,0.131148,12308110.000000,128209.479167,71465.000000,pincode,0.000908,13.114800,0.000837,Descriptive monitoring only; do not use sensitive/proxy-sensitive fields in the first baseline model without approved governance review.
XX560X,110,14,0.127273,11498379.000000,122323.180851,100131.500000,pincode,0.000818,12.727300,0.000782,Descriptive monitoring only; do not use sensitive/proxy-sensitive fields in the first baseline model without approved governance review.
XX86X,110,14,0.127273,15962893.000000,183481.528736,84382.000000,pincode,0.000818,12.727300,0.001086,Descriptive monitoring only; do not use sensitive/proxy-sensitive fields in the first baseline model without approved governance review.
XX310X,189,24,0.126984,15510688.000000,108466.349650,83771.000000,pincode,0.001406,12.698400,0.001055,Descriptive monitoring only; do not use sensitive/proxy-sensitive fields in the first baseline model without approved governance review.
XX633X,222,28,0.126126,30615412.000000,164598.989247,165618.000000,pincode,0.001652,12.612600,0.002083,Descriptive monitoring only; do not use sensitive/proxy-sensitive fields in the first baseline model without approved governance review.
XX360X,111,14,0.126126,13112715.000000,142529.510870,137284.000000,pincode,0.000826,12.612600,0.000892,Descriptive monitoring only; do not use sensitive/proxy-sensitive fields in the first baseline model without approved governance review.
XX217X,286,36,0.125874,43518573.000000,195150.551570,181439.000000,pincode,0.002128,12.587400,0.002961,Descriptive monitoring only; do not use sensitive/proxy-sensitive fields in the first baseline model without approved governance review.
XX952X,192,24,0.125000,19293335.000000,126929.835526,56355.500000,pincode,0.001428,12.500000,0.001313,Descriptive monitoring only; do not use sensitive/proxy-sensitive fields in the first baseline model without approved governance review.
XX456X,104,13,0.125000,9539369.000000,116333.768293,103514.000000,pincode,0.000774,12.500000,0.000649,Descriptive monitoring only; do not use sensitive/proxy-sensitive fields in the first baseline model without approved governance review.
XX851X,177,22,0.124294,20209551.000000,142320.781690,116629.000000,pincode,0.001317,12.429400,0.001375,Descriptive monitoring only; do not use sensitive/proxy-sensitive fields in the first baseline model without approved governance review.
XX230X,129,16,0.124031,17940727.000000,184955.948454,144999.000000,pincode,0.000960,12.403100,0.001221,Descriptive monitoring only; do not use sensitive/proxy-sensitive fields in the first baseline model without approved governance review.
XX993X,105,13,0.123810,12237944.000000,140666.022989,104502.000000,pincode,0.000781,12.381000,0.000833,Descriptive monitoring only; do not use sensitive/proxy-sensitive fields in the first baseline model without approved governance review.
XX971X,162,20,0.123457,21235544.000000,153880.753623,100812.000000,pincode,0.001205,12.345700,0.001445,Descriptive monitoring only; do not use sensitive/proxy-sensitive fields in the first baseline model without approved governance review.
XX331X,1275,157,0.123137,109677997.000000,114606.057471,43053.000000,pincode,0.009485,12.313700,0.007462,Descriptive monitoring only; do not use sensitive/proxy-sensitive fields in the first baseline model without approved governance review.
XX352X,179,22,0.122905,17715783.000000,128375.239130,100789.000000,pincode,0.001332,12.290500,0.001205,Descriptive monitoring only; do not use sensitive/proxy-sensitive fields in the first baseline model without approved governance review.
XX919X,376,46,0.122340,40459029.000000,138085.423208,42656.000000,pincode,0.002797,12.234000,0.002753,Descriptive monitoring only; do not use sensitive/proxy-sensitive fields in the first baseline model without approved governance review.
XX290X,156,19,0.121795,19435072.000000,142904.941176,124976.500000,pincode,0.001161,12.179500,0.001322,Descriptive monitoring only; do not use sensitive/proxy-sensitive fields in the first baseline model without approved governance review.
XX278X,157,19,0.121019,15589328.000000,120847.503876,101424.000000,pincode,0.001168,12.101900,0.001061,Descriptive monitoring only; do not use sensitive/proxy-sensitive fields in the first baseline model without approved governance review.
XX104X,985,119,0.120812,44243219.000000,59148.688503,23585.500000,pincode,0.007328,12.081200,0.003010,Descriptive monitoring only; do not use sensitive/proxy-sensitive fields in the first baseline model without approved governance review.
XX238X,158,19,0.120253,20696562.000000,168264.731707,151410.000000,pincode,0.001175,12.025300,0.001408,Descriptive monitoring only; do not use sensitive/proxy-sensitive fields in the first baseline model without approved governance review.
XX287X,151,18,0.119205,11539743.000000,98630.282051,49101.000000,pincode,0.001123,11.920500,0.000785,Descriptive monitoring only; do not use sensitive/proxy-sensitive fields in the first baseline model without approved governance review.
XX902X,573,68,0.118674,47065969.000000,113961.184019,38814.000000,pincode,0.004263,11.867400,0.003202,Descriptive monitoring only; do not use sensitive/proxy-sensitive fields in the first baseline model without approved governance review.
XX968X,237,28,0.118143,15247055.000000,84705.861111,37270.500000,pincode,0.001763,11.814300,0.001037,Descriptive monitoring only; do not use sensitive/proxy-sensitive fields in the first baseline model without approved governance review.
XX891X,999,118,0.118118,102085069.000000,127129.600249,63142.000000,pincode,0.007432,11.811800,0.006945,Descriptive monitoring only; do not use sensitive/proxy-sensitive fields in the first baseline model without approved governance review.
XX951X,594,70,0.117845,60607863.000000,133792.192053,39094.000000,pincode,0.004419,11.784500,0.004123,Descriptive monitoring only; do not use sensitive/proxy-sensitive fields in the first baseline model without approved governance review.
XX330X,1020,120,0.117647,95139149.000000,119822.605793,54359.000000,pincode,0.007588,11.764700,0.006473,Descriptive monitoring only; do not use sensitive/proxy-sensitive fields in the first baseline model without approved governance review.
XX446X,170,20,0.117647,17356652.000000,122229.943662,104901.000000,pincode,0.001265,11.764700,0.001181,Descriptive monitoring only; do not use sensitive/proxy-sensitive fields in the first baseline model without approved governance review.
XX189X,137,16,0.116788,24580769.000000,217528.929204,147294.000000,pincode,0.001019,11.678800,0.001672,Descriptive monitoring only; do not use sensitive/proxy-sensitive fields in the first baseline model without approved governance review.
XX113X,825,96,0.116364,41666801.000000,69213.955150,28498.000000,pincode,0.006138,11.636400,0.002835,Descriptive monitoring only; do not use sensitive/proxy-sensitive fields in the first baseline model without approved governance review.
XX344X,155,18,0.116129,13514283.000000,111688.289256,82077.000000,pincode,0.001153,11.612900,0.000919,Descriptive monitoring only; do not use sensitive/proxy-sensitive fields in the first baseline model without approved governance review.
XX232X,224,26,0.116071,25434667.000000,144515.153409,80980.500000,pincode,0.001666,11.607100,0.001730,Descriptive monitoring only; do not use sensitive/proxy-sensitive fields in the first baseline model without approved governance review.
XX956X,699,81,0.115880,86997140.000000,154799.181495,65387.500000,pincode,0.005200,11.588000,0.005919,Descriptive monitoring only; do not use sensitive/proxy-sensitive fields in the first baseline model without approved governance review.
XX741X,156,18,0.115385,14852590.000000,119778.951613,86944.000000,pincode,0.001161,11.538500,0.001010,Descriptive monitoring only; do not use sensitive/proxy-sensitive fields in the first baseline model without approved governance review.
XX954X,218,25,0.114679,23749528.000000,143069.445783,46848.500000,pincode,0.001622,11.467900,0.001616,Descriptive monitoring only; do not use sensitive/proxy-sensitive fields in the first baseline model without approved governance review.
XX334X,797,91,0.114178,90967958.000000,143031.380503,63404.500000,pincode,0.005929,11.417800,0.006189,Descriptive monitoring only; do not use sensitive/proxy-sensitive fields in the first baseline model without approved governance review.
XX191X,477,54,0.113208,39659611.000000,108656.468493,61341.000000,pincode,0.003549,11.320800,0.002698,Descriptive monitoring only; do not use sensitive/proxy-sensitive fields in the first baseline model without approved governance review.
XX107X,204,23,0.112745,20296286.000000,119389.917647,40803.000000,pincode,0.001518,11.274500,0.001381,Descriptive monitoring only; do not use sensitive/proxy-sensitive fields in the first baseline model without approved governance review.
XX29X,204,23,0.112745,22380918.000000,137306.245399,62408.000000,pincode,0.001518,11.274500,0.001523,Descriptive monitoring only; do not use sensitive/proxy-sensitive fields in the first baseline model without approved governance review.
XX140X,222,25,0.112613,19070362.000000,110233.306358,91346.000000,pincode,0.001652,11.261300,0.001297,Descriptive monitoring only; do not use sensitive/proxy-sensitive fields in the first baseline model without approved governance review.
XX933X,206,23,0.111650,26648360.000000,154932.325581,83109.500000,pincode,0.001533,11.165000,0.001813,Descriptive monitoring only; do not use sensitive/proxy-sensitive fields in the first baseline model without approved governance review.
XX333X,529,59,0.111531,48788104.000000,123202.282828,54499.000000,pincode,0.003936,11.153100,0.003319,Descriptive monitoring only; do not use sensitive/proxy-sensitive fields in the first baseline model without approved governance review.
XX114X,565,63,0.111504,45761608.000000,101918.948775,33994.000000,pincode,0.004203,11.150400,0.003113,Descriptive monitoring only; do not use sensitive/proxy-sensitive fields in the first baseline model without approved governance review.
XX751X,359,40,0.111421,33937123.000000,117837.232639,112566.000000,pincode,0.002671,11.142100,0.002309,Descriptive monitoring only; do not use sensitive/proxy-sensitive fields in the first baseline model without approved governance review.
XX958X,513,57,0.111111,47287477.000000,120631.318878,54850.500000,pincode,0.003816,11.111100,0.003217,Descriptive monitoring only; do not use sensitive/proxy-sensitive fields in the first baseline model without approved governance review.
XX223X,261,29,0.111111,30571262.000000,155975.826531,65917.500000,pincode,0.001942,11.111100,0.002080,Descriptive monitoring only; do not use sensitive/proxy-sensitive fields in the first baseline model without approved governance review.
XX111X,234,26,0.111111,8442504.000000,50553.916168,28212.000000,pincode,0.001741,11.111100,0.000574,Descriptive monitoring only; do not use sensitive/proxy-sensitive fields in the first baseline model without approved governance review.
XX973X,235,26,0.110638,22034386.000000,120406.480874,76640.000000,pincode,0.001748,11.063800,0.001499,Descriptive monitoring only; do not use sensitive/proxy-sensitive fields in the first baseline model without approved governance review.
XX199X,136,15,0.110294,16489960.000000,149908.727273,146146.500000,pincode,0.001012,11.029400,0.001122,Descriptive monitoring only; do not use sensitive/proxy-sensitive fields in the first baseline model without approved governance review.
XX277X,128,14,0.109375,11718000.000000,123347.368421,101431.000000,pincode,0.000952,10.937500,0.000797,Descriptive monitoring only; do not use sensitive/proxy-sensitive fields in the first baseline model without approved governance review.
XX920X,677,74,0.109306,75384417.000000,141700.031955,45240.000000,pincode,0.005037,10.930600,0.005129,Descriptive monitoring only; do not use sensitive/proxy-sensitive fields in the first baseline model without approved governance review.
XX775X,458,50,0.109170,56395012.000000,154506.882192,126886.000000,pincode,0.003407,10.917000,0.003837,Descriptive monitoring only; do not use sensitive/proxy-sensitive fields in the first baseline model without approved governance review.
XX28X,404,44,0.108911,49573375.000000,154434.190031,107957.000000,pincode,0.003006,10.891100,0.003373,Descriptive monitoring only; do not use sensitive/proxy-sensitive fields in the first baseline model without approved governance review.
XX233X,101,11,0.108911,13963382.000000,170285.146341,151968.500000,pincode,0.000751,10.891100,0.000950,Descriptive monitoring only; do not use sensitive/proxy-sensitive fields in the first baseline model without approved governance review.
XX490X,193,21,0.108808,16986804.000000,111755.289474,99724.000000,pincode,0.001436,10.880800,0.001156,Descriptive monitoring only; do not use sensitive/proxy-sensitive fields in the first baseline model without approved governance review.
XX700X,221,24,0.108597,25701086.000000,152077.431953,130148.000000,pincode,0.001644,10.859700,0.001749,Descriptive monitoring only; do not use sensitive/proxy-sensitive fields in the first baseline model without approved governance review.
XX921X,931,101,0.108485,74516600.000000,108942.397661,39459.000000,pincode,0.006926,10.848500,0.005070,Descriptive monitoring only; do not use sensitive/proxy-sensitive fields in the first baseline model without approved governance review.
XX193X,166,18,0.108434,24809591.000000,189386.190840,127844.000000,pincode,0.001235,10.843400,0.001688,Descriptive monitoring only; do not use sensitive/proxy-sensitive fields in the first baseline model without approved governance review.
XX856X,166,18,0.108434,20790676.000000,148504.828571,122230.000000,pincode,0.001235,10.843400,0.001414,Descriptive monitoring only; do not use sensitive/proxy-sensitive fields in the first baseline model without approved governance review.
XX322X,397,43,0.108312,42876308.000000,139662.241042,93322.000000,pincode,0.002953,10.831200,0.002917,Descriptive monitoring only; do not use sensitive/proxy-sensitive fields in the first baseline model without approved governance review.
XX950X,462,50,0.108225,50169013.000000,144997.147399,44706.500000,pincode,0.003437,10.822500,0.003413,Descriptive monitoring only; do not use sensitive/proxy-sensitive fields in the first baseline model without approved governance review.
XX207X,574,62,0.108014,94969823.000000,201634.443737,159607.000000,pincode,0.004270,10.801400,0.006461,Descriptive monitoring only; do not use sensitive/proxy-sensitive fields in the first baseline model without approved governance review.
XX87X,204,22,0.107843,24593349.000000,148152.704819,78347.500000,pincode,0.001518,10.784300,0.001673,Descriptive monitoring only; do not use sensitive/proxy-sensitive fields in the first baseline model without approved governance review.
XX236X,167,18,0.107784,18018744.000000,139680.186047,79930.000000,pincode,0.001242,10.778400,0.001226,Descriptive monitoring only; do not use sensitive/proxy-sensitive fields in the first baseline model without approved governance review.
XX115X,399,43,0.107769,53313475.000000,166604.609375,51337.500000,pincode,0.002968,10.776900,0.003627,Descriptive monitoring only; do not use sensitive/proxy-sensitive fields in the first baseline model without approved governance review.
XX731X,223,24,0.107623,20185186.000000,116006.816092,87146.500000,pincode,0.001659,10.762300,0.001373,Descriptive monitoring only; do not use sensitive/proxy-sensitive fields in the first baseline model without approved governance review.
XX77X,316,34,0.107595,47070012.000000,185315.007874,79738.000000,pincode,0.002351,10.759500,0.003202,Descriptive monitoring only; do not use sensitive/proxy-sensitive fields in the first baseline model without approved governance review.
XX765X,261,28,0.107280,27206262.000000,129553.628571,115849.500000,pincode,0.001942,10.728000,0.001851,Descriptive monitoring only; do not use sensitive/proxy-sensitive fields in the first baseline model without approved governance review.
XX982X,358,38,0.106145,48213485.000000,167991.236934,152923.000000,pincode,0.002663,10.614500,0.003280,Descriptive monitoring only; do not use sensitive/proxy-sensitive fields in the first baseline model without approved governance review.
XX349X,245,26,0.106122,19659987.000000,100820.446154,71644.000000,pincode,0.001823,10.612200,0.001338,Descriptive monitoring only; do not use sensitive/proxy-sensitive fields in the first baseline model without approved governance review.
XX983X,341,36,0.105572,48039798.000000,174690.174545,171113.000000,pincode,0.002537,10.557200,0.003268,Descriptive monitoring only; do not use sensitive/proxy-sensitive fields in the first baseline model without approved governance review.
XX335X,379,40,0.105541,45228648.000000,155424.907216,127751.000000,pincode,0.002820,10.554100,0.003077,Descriptive monitoring only; do not use sensitive/proxy-sensitive fields in the first baseline model without approved governance review.
XX905X,133,14,0.105263,12051580.000000,132434.945055,39708.000000,pincode,0.000989,10.526300,0.000820,Descriptive monitoring only; do not use sensitive/proxy-sensitive fields in the first baseline model without approved governance review.
XX550X,306,32,0.104575,40250098.000000,161000.392000,148507.500000,pincode,0.002276,10.457500,0.002738,Descriptive monitoring only; do not use sensitive/proxy-sensitive fields in the first baseline model without approved governance review.
XX484X,144,15,0.104167,15849857.000000,130990.553719,114508.000000,pincode,0.001071,10.416700,0.001078,Descriptive monitoring only; do not use sensitive/proxy-sensitive fields in the first baseline model without approved governance review.
XX65X,202,21,0.103960,20476482.000000,127978.012500,66085.500000,pincode,0.001503,10.396000,0.001393,Descriptive monitoring only; do not use sensitive/proxy-sensitive fields in the first baseline model without approved governance review.
XX18X,337,35,0.103858,45226016.000000,170664.211321,84265.000000,pincode,0.002507,10.385800,0.003077,Descriptive monitoring only; do not use sensitive/proxy-sensitive fields in the first baseline model without approved governance review.
XX754X,135,14,0.103704,14205888.000000,126838.285714,105520.000000,pincode,0.001004,10.370400,0.000966,Descriptive monitoring only; do not use sensitive/proxy-sensitive fields in the first baseline model without approved governance review.
XX532X,261,27,0.103448,23259420.000000,112909.805825,72835.500000,pincode,0.001942,10.344800,0.001582,Descriptive monitoring only; do not use sensitive/proxy-sensitive fields in the first baseline model without approved governance review.
XX923X,563,58,0.103020,60710949.000000,142513.964789,76036.500000,pincode,0.004188,10.302000,0.004130,Descriptive monitoring only; do not use sensitive/proxy-sensitive fields in the first baseline model without approved governance review.
XX148X,107,11,0.102804,8603759.000000,101220.694118,68291.000000,pincode,0.000796,10.280400,0.000585,Descriptive monitoring only; do not use sensitive/proxy-sensitive fields in the first baseline model without approved governance review.
XX458X,107,11,0.102804,8531447.000000,95858.955056,91825.000000,pincode,0.000796,10.280400,0.000580,Descriptive monitoring only; do not use sensitive/proxy-sensitive fields in the first baseline model without approved governance review.
XX794X,107,11,0.102804,8001905.000000,96408.493976,72135.000000,pincode,0.000796,10.280400,0.000544,Descriptive monitoring only; do not use sensitive/proxy-sensitive fields in the first baseline model without approved governance review.
XX975X,107,11,0.102804,12753458.000000,146591.471264,78128.000000,pincode,0.000796,10.280400,0.000868,Descriptive monitoring only; do not use sensitive/proxy-sensitive fields in the first baseline model without approved governance review.
XX917X,1092,112,0.102564,115024467.000000,134374.377336,46106.000000,pincode,0.008124,10.256400,0.007826,Descriptive monitoring only; do not use sensitive/proxy-sensitive fields in the first baseline model without approved governance review.
XX70X,1182,121,0.102369,127960179.000000,140461.228321,47319.000000,pincode,0.008794,10.236900,0.008706,Descriptive monitoring only; do not use sensitive/proxy-sensitive fields in the first baseline model without approved governance review.
XX337X,391,40,0.102302,31440493.000000,107305.436860,64173.000000,pincode,0.002909,10.230200,0.002139,Descriptive monitoring only; do not use sensitive/proxy-sensitive fields in the first baseline model without approved governance review.
XX946X,235,24,0.102128,24165830.000000,137305.852273,43884.500000,pincode,0.001748,10.212800,0.001644,Descriptive monitoring only; do not use sensitive/proxy-sensitive fields in the first baseline model without approved governance review.
XX949X,245,25,0.102041,40301890.000000,213237.513228,49447.000000,pincode,0.001823,10.204100,0.002742,Descriptive monitoring only; do not use sensitive/proxy-sensitive fields in the first baseline model without approved governance review.
XX136X,108,11,0.101852,8276404.000000,102177.827160,84007.000000,pincode,0.000803,10.185200,0.000563,Descriptive monitoring only; do not use sensitive/proxy-sensitive fields in the first baseline model without approved governance review.
XX151X,167,17,0.101796,14451969.000000,107850.514925,87954.000000,pincode,0.001242,10.179600,0.000983,Descriptive monitoring only; do not use sensitive/proxy-sensitive fields in the first baseline model without approved governance review.
XX908X,295,30,0.101695,27510685.000000,119611.673913,36119.500000,pincode,0.002195,10.169500,0.001872,Descriptive monitoring only; do not use sensitive/proxy-sensitive fields in the first baseline model without approved governance review.
XX928X,659,67,0.101669,76044561.000000,147088.125725,41696.000000,pincode,0.004903,10.166900,0.005174,Descriptive monitoring only; do not use sensitive/proxy-sensitive fields in the first baseline model without approved governance review.
XX986X,276,28,0.101449,31726259.000000,141005.595556,71320.000000,pincode,0.002053,10.144900,0.002158,Descriptive monitoring only; do not use sensitive/proxy-sensitive fields in the first baseline model without approved governance review.
XX531X,247,25,0.101215,28516446.000000,137760.608696,131636.000000,pincode,0.001838,10.121500,0.001940,Descriptive monitoring only; do not use sensitive/proxy-sensitive fields in the first baseline model without approved governance review.
XX799X,356,36,0.101124,36233486.000000,128487.539007,103962.500000,pincode,0.002648,10.112400,0.002465,Descriptive monitoring only; do not use sensitive/proxy-sensitive fields in the first baseline model without approved governance review.
XX935X,277,28,0.101083,36336609.000000,163678.418919,137183.500000,pincode,0.002061,10.108300,0.002472,Descriptive monitoring only; do not use sensitive/proxy-sensitive fields in the first baseline model without approved governance review.
XX170X,188,19,0.101064,18865284.000000,131008.916667,90793.000000,pincode,0.001399,10.106400,0.001283,Descriptive monitoring only; do not use sensitive/proxy-sensitive fields in the first baseline model without approved governance review.
XX271X,109,11,0.100917,11683399.000000,131274.146067,125012.000000,pincode,0.000811,10.091700,0.000795,Descriptive monitoring only; do not use sensitive/proxy-sensitive fields in the first baseline model without approved governance review.
XX88X,606,61,0.100660,67480460.000000,144189.017094,48518.000000,pincode,0.004508,10.066000,0.004591,Descriptive monitoring only; do not use sensitive/proxy-sensitive fields in the first baseline model without approved governance review.
XX80X,686,69,0.100583,85157210.000000,154831.290909,137235.000000,pincode,0.005104,10.058300,0.005794,Descriptive monitoring only; do not use sensitive/proxy-sensitive fields in the first baseline model without approved governance review.
XX347X,348,35,0.100575,35271152.000000,127794.028986,87121.000000,pincode,0.002589,10.057500,0.002400,Descriptive monitoring only; do not use sensitive/proxy-sensitive fields in the first baseline model without approved governance review.
XX120X,179,18,0.100559,20924147.000000,145306.576389,97634.500000,pincode,0.001332,10.055900,0.001424,Descriptive monitoring only; do not use sensitive/proxy-sensitive fields in the first baseline model without approved governance review.
XX112X,1584,159,0.100379,106065759.000000,93532.415344,31361.500000,pincode,0.011784,10.037900,0.007216,Descriptive monitoring only; do not use sensitive/proxy-sensitive fields in the first baseline model without approved governance review.
XX705X,210,21,0.100000,17597792.000000,113534.141935,85300.000000,pincode,0.001562,10.000000,0.001197,Descriptive monitoring only; do not use sensitive/proxy-sensitive fields in the first baseline model without approved governance review.
XX985X,190,19,0.100000,24287116.000000,154695.006369,116276.000000,pincode,0.001414,10.000000,0.001652,Descriptive monitoring only; do not use sensitive/proxy-sensitive fields in the first baseline model without approved governance review.
XX914X,180,18,0.100000,9559472.000000,68773.179856,32226.000000,pincode,0.001339,10.000000,0.000650,Descriptive monitoring only; do not use sensitive/proxy-sensitive fields in the first baseline model without approved governance review.
XX435X,130,13,0.100000,13076600.000000,117807.207207,104524.000000,pincode,0.000967,10.000000,0.000890,Descriptive monitoring only; do not use sensitive/proxy-sensitive fields in the first baseline model without approved governance review.
XX72X,100,10,0.100000,7540624.000000,89769.333333,34187.500000,pincode,0.000744,10.000000,0.000513,Descriptive monitoring only; do not use sensitive/proxy-sensitive fields in the first baseline model without approved governance review.
XX761X,441,44,0.099773,41755102.000000,119985.925287,94441.000000,pincode,0.003281,9.977300,0.002841,Descriptive monitoring only; do not use sensitive/proxy-sensitive fields in the first baseline model without approved governance review.
XX913X,844,84,0.099526,93425886.000000,148295.057143,45947.000000,pincode,0.006279,9.952600,0.006356,Descriptive monitoring only; do not use sensitive/proxy-sensitive fields in the first baseline model without approved governance review.
XX329X,282,28,0.099291,30007220.000000,134561.524664,106593.000000,pincode,0.002098,9.929100,0.002042,Descriptive monitoring only; do not use sensitive/proxy-sensitive fields in the first baseline model without approved governance review.
XX850X,615,61,0.099187,67139858.000000,141050.121849,82612.000000,pincode,0.004575,9.918700,0.004568,Descriptive monitoring only; do not use sensitive/proxy-sensitive fields in the first baseline model without approved governance review.
XX553X,495,49,0.098990,70029299.000000,171640.438725,156667.000000,pincode,0.003683,9.899000,0.004764,Descriptive monitoring only; do not use sensitive/proxy-sensitive fields in the first baseline model without approved governance review.
XX282X,455,45,0.098901,54990612.000000,158474.386167,90567.000000,pincode,0.003385,9.890100,0.003741,Descriptive monitoring only; do not use sensitive/proxy-sensitive fields in the first baseline model without approved governance review.
XX916X,152,15,0.098684,14989643.000000,127030.872881,36889.000000,pincode,0.001131,9.868400,0.001020,Descriptive monitoring only; do not use sensitive/proxy-sensitive fields in the first baseline model without approved governance review.
XX631X,315,31,0.098413,32318302.000000,128758.175299,97993.000000,pincode,0.002343,9.841300,0.002199,Descriptive monitoring only; do not use sensitive/proxy-sensitive fields in the first baseline model without approved governance review.
XX890X,498,49,0.098394,54905071.000000,132620.944444,90501.000000,pincode,0.003705,9.839400,0.003735,Descriptive monitoring only; do not use sensitive/proxy-sensitive fields in the first baseline model without approved governance review.
XX286X,183,18,0.098361,17658172.000000,122626.194444,114636.500000,pincode,0.001361,9.836100,0.001201,Descriptive monitoring only; do not use sensitive/proxy-sensitive fields in the first baseline model without approved governance review.
XX229X,112,11,0.098214,15356587.000000,166919.423913,180844.500000,pincode,0.000833,9.821400,0.001045,Descriptive monitoring only; do not use sensitive/proxy-sensitive fields in the first baseline model without approved governance review.
XX313X,112,11,0.098214,13014621.000000,146231.696629,127579.000000,pincode,0.000833,9.821400,0.000885,Descriptive monitoring only; do not use sensitive/proxy-sensitive fields in the first baseline model without approved governance review.
XX926X,876,86,0.098174,95602925.000000,146405.704441,47080.000000,pincode,0.006517,9.817400,0.006504,Descriptive monitoring only; do not use sensitive/proxy-sensitive fields in the first baseline model without approved governance review.
XX125X,226,22,0.097345,32035030.000000,178966.648045,142276.000000,pincode,0.001681,9.734500,0.002179,Descriptive monitoring only; do not use sensitive/proxy-sensitive fields in the first baseline model without approved governance review.
XX906X,432,42,0.097222,44466845.000000,123176.855956,38197.000000,pincode,0.003214,9.722200,0.003025,Descriptive monitoring only; do not use sensitive/proxy-sensitive fields in the first baseline model without approved governance review.
XX197X,134,13,0.097015,18023410.000000,185808.350515,194114.000000,pincode,0.000997,9.701500,0.001226,Descriptive monitoring only; do not use sensitive/proxy-sensitive fields in the first baseline model without approved governance review.
XX453X,134,13,0.097015,13141498.000000,121680.537037,117547.500000,pincode,0.000997,9.701500,0.000894,Descriptive monitoring only; do not use sensitive/proxy-sensitive fields in the first baseline model without approved governance review.
XX970X,382,37,0.096859,47170645.000000,148335.361635,66669.500000,pincode,0.002842,9.685900,0.003209,Descriptive monitoring only; do not use sensitive/proxy-sensitive fields in the first baseline model without approved governance review.
XX121X,124,12,0.096774,12305448.000000,125565.795918,79011.500000,pincode,0.000923,9.677400,0.000837,Descriptive monitoring only; do not use sensitive/proxy-sensitive fields in the first baseline model without approved governance review.
XX922X,373,36,0.096515,41860313.000000,144345.906897,74988.000000,pincode,0.002775,9.651500,0.002848,Descriptive monitoring only; do not use sensitive/proxy-sensitive fields in the first baseline model without approved governance review.
XX853X,601,58,0.096506,70177651.000000,148054.116034,101799.500000,pincode,0.004471,9.650600,0.004774,Descriptive monitoring only; do not use sensitive/proxy-sensitive fields in the first baseline model without approved governance review.
XX336X,342,33,0.096491,30165452.000000,116468.926641,53652.000000,pincode,0.002544,9.649100,0.002052,Descriptive monitoring only; do not use sensitive/proxy-sensitive fields in the first baseline model without approved governance review.
XX559X,114,11,0.096491,12626195.000000,141867.359551,134005.000000,pincode,0.000848,9.649100,0.000859,Descriptive monitoring only; do not use sensitive/proxy-sensitive fields in the first baseline model without approved governance review.
XX900X,1234,119,0.096434,93475287.000000,104208.792642,32753.000000,pincode,0.009180,9.643400,0.006360,Descriptive monitoring only; do not use sensitive/proxy-sensitive fields in the first baseline model without approved governance review.
XX481X,695,67,0.096403,67729049.000000,122034.322523,94631.000000,pincode,0.005170,9.640300,0.004608,Descriptive monitoring only; do not use sensitive/proxy-sensitive fields in the first baseline model without approved governance review.
XX85X,187,18,0.096257,29576835.000000,211263.107143,150223.000000,pincode,0.001391,9.625700,0.002012,Descriptive monitoring only; do not use sensitive/proxy-sensitive fields in the first baseline model without approved governance review.
XX857X,343,33,0.096210,31952219.000000,122422.295019,68105.000000,pincode,0.002552,9.621000,0.002174,Descriptive monitoring only; do not use sensitive/proxy-sensitive fields in the first baseline model without approved governance review.
XX321X,177,17,0.096045,14997634.000000,108678.507246,67552.500000,pincode,0.001317,9.604500,0.001020,Descriptive monitoring only; do not use sensitive/proxy-sensitive fields in the first baseline model without approved governance review.
XX432X,323,31,0.095975,30349622.000000,120435.007937,96521.500000,pincode,0.002403,9.597500,0.002065,Descriptive monitoring only; do not use sensitive/proxy-sensitive fields in the first baseline model without approved governance review.
XX488X,198,19,0.095960,18278099.000000,117923.219355,90482.000000,pincode,0.001473,9.596000,0.001244,Descriptive monitoring only; do not use sensitive/proxy-sensitive fields in the first baseline model without approved governance review.
XX981X,449,43,0.095768,42300855.000000,126271.208955,43691.000000,pincode,0.003340,9.576800,0.002878,Descriptive monitoring only; do not use sensitive/proxy-sensitive fields in the first baseline model without approved governance review.
XX272X,220,21,0.095455,23430170.000000,134656.149425,120684.000000,pincode,0.001637,9.545500,0.001594,Descriptive monitoring only; do not use sensitive/proxy-sensitive fields in the first baseline model without approved governance review.
XX840X,483,46,0.095238,73957198.000000,189148.843990,182804.000000,pincode,0.003593,9.523800,0.005032,Descriptive monitoring only; do not use sensitive/proxy-sensitive fields in the first baseline model without approved governance review.
XX276X,273,26,0.095238,29039361.000000,137627.303318,90395.000000,pincode,0.002031,9.523800,0.001976,Descriptive monitoring only; do not use sensitive/proxy-sensitive fields in the first baseline model without approved governance review.
XX939X,179,17,0.094972,16329245.000000,116637.464286,37226.500000,pincode,0.001332,9.497200,0.001111,Descriptive monitoring only; do not use sensitive/proxy-sensitive fields in the first baseline model without approved governance review.
XX640X,275,26,0.094545,34718343.000000,156388.932432,150972.000000,pincode,0.002046,9.454500,0.002362,Descriptive monitoring only; do not use sensitive/proxy-sensitive fields in the first baseline model without approved governance review.
XX201X,604,57,0.094371,116824693.000000,248035.441614,171774.000000,pincode,0.004493,9.437100,0.007948,Descriptive monitoring only; do not use sensitive/proxy-sensitive fields in the first baseline model without approved governance review.
XX327X,488,46,0.094262,50955619.000000,137346.681941,108014.000000,pincode,0.003630,9.426200,0.003467,Descriptive monitoring only; do not use sensitive/proxy-sensitive fields in the first baseline model without approved governance review.
XX302X,414,39,0.094203,53761975.000000,160963.997006,147758.000000,pincode,0.003080,9.420300,0.003658,Descriptive monitoring only; do not use sensitive/proxy-sensitive fields in the first baseline model without approved governance review.
XX980X,669,63,0.094170,84527924.000000,162866.905588,65829.000000,pincode,0.004977,9.417000,0.005751,Descriptive monitoring only; do not use sensitive/proxy-sensitive fields in the first baseline model without approved governance review.
XX780X,160,15,0.093750,16081884.000000,123706.800000,80595.000000,pincode,0.001190,9.375000,0.001094,Descriptive monitoring only; do not use sensitive/proxy-sensitive fields in the first baseline model without approved governance review.
XX61X,128,12,0.093750,12157836.000000,127977.221053,60399.000000,pincode,0.000952,9.375000,0.000827,Descriptive monitoring only; do not use sensitive/proxy-sensitive fields in the first baseline model without approved governance review.
XX71X,171,16,0.093567,14219485.000000,99436.958042,40877.000000,pincode,0.001272,9.356700,0.000967,Descriptive monitoring only; do not use sensitive/proxy-sensitive fields in the first baseline model without approved governance review.
XX220X,278,26,0.093525,43827221.000000,209699.622010,66791.000000,pincode,0.002068,9.352500,0.002982,Descriptive monitoring only; do not use sensitive/proxy-sensitive fields in the first baseline model without approved governance review.
XX480X,493,46,0.093306,43015090.000000,108898.962025,75573.000000,pincode,0.003668,9.330600,0.002926,Descriptive monitoring only; do not use sensitive/proxy-sensitive fields in the first baseline model without approved governance review.
XX740X,193,18,0.093264,18058353.000000,117262.032468,81068.500000,pincode,0.001436,9.326400,0.001229,Descriptive monitoring only; do not use sensitive/proxy-sensitive fields in the first baseline model without approved governance review.
XX130X,236,22,0.093220,20884751.000000,115385.364641,100038.000000,pincode,0.001756,9.322000,0.001421,Descriptive monitoring only; do not use sensitive/proxy-sensitive fields in the first baseline model without approved governance review.
XX797X,118,11,0.093220,11633887.000000,111864.298077,75015.000000,pincode,0.000878,9.322000,0.000792,Descriptive monitoring only; do not use sensitive/proxy-sensitive fields in the first baseline model without approved governance review.
XX27X,258,24,0.093023,29305477.000000,144361.955665,78450.000000,pincode,0.001919,9.302300,0.001994,Descriptive monitoring only; do not use sensitive/proxy-sensitive fields in the first baseline model without approved governance review.
XX342X,323,30,0.092879,30065077.000000,120743.281124,55134.000000,pincode,0.002403,9.287900,0.002045,Descriptive monitoring only; do not use sensitive/proxy-sensitive fields in the first baseline model without approved governance review.
XX984X,173,16,0.092486,17887095.000000,130562.737226,60378.000000,pincode,0.001287,9.248600,0.001217,Descriptive monitoring only; do not use sensitive/proxy-sensitive fields in the first baseline model without approved governance review.
XX967X,530,49,0.092453,59764327.000000,135213.409502,48054.000000,pincode,0.003943,9.245300,0.004066,Descriptive monitoring only; do not use sensitive/proxy-sensitive fields in the first baseline model without approved governance review.
XX328X,498,46,0.092369,46200962.000000,117261.324873,56473.500000,pincode,0.003705,9.236900,0.003143,Descriptive monitoring only; do not use sensitive/proxy-sensitive fields in the first baseline model without approved governance review.
XX720X,174,16,0.091954,16484959.000000,124886.053030,114647.000000,pincode,0.001294,9.195400,0.001122,Descriptive monitoring only; do not use sensitive/proxy-sensitive fields in the first baseline model without approved governance review.
XX357X,109,10,0.091743,14328223.000000,160991.269663,149491.000000,pincode,0.000811,9.174300,0.000975,Descriptive monitoring only; do not use sensitive/proxy-sensitive fields in the first baseline model without approved governance review.
XX442X,240,22,0.091667,29886284.000000,147951.900990,137845.500000,pincode,0.001785,9.166700,0.002033,Descriptive monitoring only; do not use sensitive/proxy-sensitive fields in the first baseline model without approved governance review.
XX128X,120,11,0.091667,15103988.000000,146640.660194,114067.000000,pincode,0.000893,9.166700,0.001028,Descriptive monitoring only; do not use sensitive/proxy-sensitive fields in the first baseline model without approved governance review.
XX549X,120,11,0.091667,10154025.000000,114090.168539,86085.000000,pincode,0.000893,9.166700,0.000691,Descriptive monitoring only; do not use sensitive/proxy-sensitive fields in the first baseline model without approved governance review.
XX273X,153,14,0.091503,15993063.000000,127944.504000,96509.000000,pincode,0.001138,9.150300,0.001088,Descriptive monitoring only; do not use sensitive/proxy-sensitive fields in the first baseline model without approved governance review.
XX925X,748,68,0.090909,97408905.000000,163437.760067,81907.000000,pincode,0.005565,9.090900,0.006627,Descriptive monitoring only; do not use sensitive/proxy-sensitive fields in the first baseline model without approved governance review.
XX306X,144,13,0.090278,12964541.000000,114730.451327,91149.000000,pincode,0.001071,9.027800,0.000882,Descriptive monitoring only; do not use sensitive/proxy-sensitive fields in the first baseline model without approved governance review.
XX871X,311,28,0.090032,36160772.000000,143495.126984,134045.000000,pincode,0.002314,9.003200,0.002460,Descriptive monitoring only; do not use sensitive/proxy-sensitive fields in the first baseline model without approved governance review.
XX907X,400,36,0.090000,37533978.000000,125113.260000,43444.000000,pincode,0.002976,9.000000,0.002554,Descriptive monitoring only; do not use sensitive/proxy-sensitive fields in the first baseline model without approved governance review.
XX551X,356,32,0.089888,38347358.000000,130878.354949,85568.000000,pincode,0.002648,8.988800,0.002609,Descriptive monitoring only; do not use sensitive/proxy-sensitive fields in the first baseline model without approved governance review.
XX341X,112,10,0.089286,11641832.000000,125180.989247,41763.000000,pincode,0.000833,8.928600,0.000792,Descriptive monitoring only; do not use sensitive/proxy-sensitive fields in the first baseline model without approved governance review.
XX563X,112,10,0.089286,11921035.000000,128183.172043,113653.000000,pincode,0.000833,8.928600,0.000811,Descriptive monitoring only; do not use sensitive/proxy-sensitive fields in the first baseline model without approved governance review.
XX704X,157,14,0.089172,19156298.000000,158316.512397,149151.000000,pincode,0.001168,8.917200,0.001303,Descriptive monitoring only; do not use sensitive/proxy-sensitive fields in the first baseline model without approved governance review.
XX402X,270,24,0.088889,34792845.000000,152600.197368,121679.500000,pincode,0.002009,8.888900,0.002367,Descriptive monitoring only; do not use sensitive/proxy-sensitive fields in the first baseline model without approved governance review.
XX117X,925,82,0.088649,134820092.000000,184685.057534,74784.500000,pincode,0.006882,8.864900,0.009172,Descriptive monitoring only; do not use sensitive/proxy-sensitive fields in the first baseline model without approved governance review.
XX21X,735,65,0.088435,68287683.000000,123262.965704,45346.500000,pincode,0.005468,8.843500,0.004646,Descriptive monitoring only; do not use sensitive/proxy-sensitive fields in the first baseline model without approved governance review.
XX100X,1312,116,0.088415,85489381.000000,92221.554477,37866.000000,pincode,0.009761,8.841500,0.005816,Descriptive monitoring only; do not use sensitive/proxy-sensitive fields in the first baseline model without approved governance review.
XX212X,498,44,0.088353,54830422.000000,136055.637717,68103.000000,pincode,0.003705,8.835300,0.003730,Descriptive monitoring only; do not use sensitive/proxy-sensitive fields in the first baseline model without approved governance review.
XX326X,125,11,0.088000,11455809.000000,128716.955056,94937.000000,pincode,0.000930,8.800000,0.000779,Descriptive monitoring only; do not use sensitive/proxy-sensitive fields in the first baseline model without approved governance review.
XX953X,479,42,0.087683,61800981.000000,159692.457364,107379.000000,pincode,0.003564,8.768300,0.004205,Descriptive monitoring only; do not use sensitive/proxy-sensitive fields in the first baseline model without approved governance review.
XX63X,160,14,0.087500,15159230.000000,123245.772358,70846.000000,pincode,0.001190,8.750000,0.001031,Descriptive monitoring only; do not use sensitive/proxy-sensitive fields in the first baseline model without approved governance review.
XX495X,126,11,0.087302,11889855.000000,115435.485437,90113.000000,pincode,0.000937,8.730200,0.000809,Descriptive monitoring only; do not use sensitive/proxy-sensitive fields in the first baseline model without approved governance review.
XX209X,195,17,0.087179,18658668.000000,123567.337748,43457.000000,pincode,0.001451,8.717900,0.001269,Descriptive monitoring only; do not use sensitive/proxy-sensitive fields in the first baseline model without approved governance review.
XX281X,207,18,0.086957,25648793.000000,146564.531429,104609.000000,pincode,0.001540,8.695700,0.001745,Descriptive monitoring only; do not use sensitive/proxy-sensitive fields in the first baseline model without approved governance review.
XX141X,115,10,0.086957,8685456.000000,98698.363636,71241.500000,pincode,0.000856,8.695700,0.000591,Descriptive monitoring only; do not use sensitive/proxy-sensitive fields in the first baseline model without approved governance review.
XX960X,115,10,0.086957,10981858.000000,120679.758242,60260.000000,pincode,0.000856,8.695700,0.000747,Descriptive monitoring only; do not use sensitive/proxy-sensitive fields in the first baseline model without approved governance review.
XX323X,150,13,0.086667,16576659.000000,141680.846154,115574.000000,pincode,0.001116,8.666700,0.001128,Descriptive monitoring only; do not use sensitive/proxy-sensitive fields in the first baseline model without approved governance review.
XX295X,208,18,0.086538,21849293.000000,122748.837079,74662.500000,pincode,0.001547,8.653800,0.001486,Descriptive monitoring only; do not use sensitive/proxy-sensitive fields in the first baseline model without approved governance review.
XX452X,324,28,0.086420,33713359.000000,132729.759843,101852.000000,pincode,0.002410,8.642000,0.002294,Descriptive monitoring only; do not use sensitive/proxy-sensitive fields in the first baseline model without approved governance review.
XX622X,162,14,0.086420,18048249.000000,134688.425373,113510.500000,pincode,0.001205,8.642000,0.001228,Descriptive monitoring only; do not use sensitive/proxy-sensitive fields in the first baseline model without approved governance review.
XX64X,441,38,0.086168,59580131.000000,169743.962963,94065.000000,pincode,0.003281,8.616800,0.004053,Descriptive monitoring only; do not use sensitive/proxy-sensitive fields in the first baseline model without approved governance review.
XX945X,1544,133,0.086140,194445071.000000,162037.559167,48006.000000,pincode,0.011487,8.614000,0.013229,Descriptive monitoring only; do not use sensitive/proxy-sensitive fields in the first baseline model without approved governance review.
XX285X,163,14,0.085890,15427428.000000,128561.900000,100384.500000,pincode,0.001213,8.589000,0.001050,Descriptive monitoring only; do not use sensitive/proxy-sensitive fields in the first baseline model without approved governance review.
XX463X,211,18,0.085308,33465928.000000,158606.293839,147559.000000,pincode,0.001570,8.530800,0.002277,Descriptive monitoring only; do not use sensitive/proxy-sensitive fields in the first baseline model without approved governance review.
XX750X,1501,128,0.085276,187367941.000000,156139.950833,127374.500000,pincode,0.011167,8.527600,0.012747,Descriptive monitoring only; do not use sensitive/proxy-sensitive fields in the first baseline model without approved governance review.
XX852X,868,74,0.085253,118595107.000000,166566.161517,94949.000000,pincode,0.006458,8.525300,0.008069,Descriptive monitoring only; do not use sensitive/proxy-sensitive fields in the first baseline model without approved governance review.
XX211X,282,24,0.085106,50755699.000000,215066.521186,117412.000000,pincode,0.002098,8.510600,0.003453,Descriptive monitoring only; do not use sensitive/proxy-sensitive fields in the first baseline model without approved governance review.
XX936X,212,18,0.084906,23082772.000000,134986.970760,73030.000000,pincode,0.001577,8.490600,0.001570,Descriptive monitoring only; do not use sensitive/proxy-sensitive fields in the first baseline model without approved governance review.
XX300X,1145,97,0.084716,145228967.000000,157686.174810,133479.000000,pincode,0.008518,8.471600,0.009881,Descriptive monitoring only; do not use sensitive/proxy-sensitive fields in the first baseline model without approved governance review.
XX292X,130,11,0.084615,16206148.000000,147328.618182,138506.000000,pincode,0.000967,8.461500,0.001103,Descriptive monitoring only; do not use sensitive/proxy-sensitive fields in the first baseline model without approved governance review.
XX662X,213,18,0.084507,21802368.000000,139758.769231,96669.500000,pincode,0.001585,8.450700,0.001483,Descriptive monitoring only; do not use sensitive/proxy-sensitive fields in the first baseline model without approved governance review.
XX231X,166,14,0.084337,27050149.000000,200371.474074,142245.000000,pincode,0.001235,8.433700,0.001840,Descriptive monitoring only; do not use sensitive/proxy-sensitive fields in the first baseline model without approved governance review.
XX535X,178,15,0.084270,23325280.000000,160864.000000,153910.000000,pincode,0.001324,8.427000,0.001587,Descriptive monitoring only; do not use sensitive/proxy-sensitive fields in the first baseline model without approved governance review.
XX805X,273,23,0.084249,36329756.000000,164388.036199,151291.000000,pincode,0.002031,8.424900,0.002472,Descriptive monitoring only; do not use sensitive/proxy-sensitive fields in the first baseline model without approved governance review.
XX431X,202,17,0.084158,23818936.000000,143487.566265,132337.000000,pincode,0.001503,8.415800,0.001620,Descriptive monitoring only; do not use sensitive/proxy-sensitive fields in the first baseline model without approved governance review.
XX19X,250,21,0.084000,32927957.000000,172397.680628,62805.000000,pincode,0.001860,8.400000,0.002240,Descriptive monitoring only; do not use sensitive/proxy-sensitive fields in the first baseline model without approved governance review.
XX802X,560,47,0.083929,51549484.000000,115841.537079,63077.000000,pincode,0.004166,8.392900,0.003507,Descriptive monitoring only; do not use sensitive/proxy-sensitive fields in the first baseline model without approved governance review.
XX930X,382,32,0.083770,49081656.000000,166944.408163,48338.000000,pincode,0.002842,8.377000,0.003339,Descriptive monitoring only; do not use sensitive/proxy-sensitive fields in the first baseline model without approved governance review.
XX283X,300,25,0.083333,29484617.000000,123366.598326,84779.000000,pincode,0.002232,8.333300,0.002006,Descriptive monitoring only; do not use sensitive/proxy-sensitive fields in the first baseline model without approved governance review.
XX940X,566,47,0.083039,55326659.000000,126605.627002,37429.000000,pincode,0.004211,8.303900,0.003764,Descriptive monitoring only; do not use sensitive/proxy-sensitive fields in the first baseline model without approved governance review.
XX210X,374,31,0.082888,55497085.000000,184375.697674,84829.000000,pincode,0.002782,8.288800,0.003776,Descriptive monitoring only; do not use sensitive/proxy-sensitive fields in the first baseline model without approved governance review.
XX672X,157,13,0.082803,16786109.000000,130124.875969,119344.000000,pincode,0.001168,8.280300,0.001142,Descriptive monitoring only; do not use sensitive/proxy-sensitive fields in the first baseline model without approved governance review.
XX721X,133,11,0.082707,13894023.000000,124053.776786,106245.000000,pincode,0.000989,8.270700,0.000945,Descriptive monitoring only; do not use sensitive/proxy-sensitive fields in the first baseline model without approved governance review.
XX339X,327,27,0.082569,29402560.000000,114406.848249,61928.000000,pincode,0.002433,8.256900,0.002000,Descriptive monitoring only; do not use sensitive/proxy-sensitive fields in the first baseline model without approved governance review.
XX110X,146,12,0.082192,24670026.000000,203884.512397,53941.000000,pincode,0.001086,8.219200,0.001678,Descriptive monitoring only; do not use sensitive/proxy-sensitive fields in the first baseline model without approved governance review.
XX806X,122,10,0.081967,19647683.000000,177006.153153,176791.000000,pincode,0.000908,8.196700,0.001337,Descriptive monitoring only; do not use sensitive/proxy-sensitive fields in the first baseline model without approved governance review.
XX280X,293,24,0.081911,30547127.000000,131103.549356,103748.000000,pincode,0.002180,8.191100,0.002078,Descriptive monitoring only; do not use sensitive/proxy-sensitive fields in the first baseline model without approved governance review.
XX15X,220,18,0.081818,33069297.000000,180706.540984,159686.000000,pincode,0.001637,8.181800,0.002250,Descriptive monitoring only; do not use sensitive/proxy-sensitive fields in the first baseline model without approved governance review.
XX296X,355,29,0.081690,37230201.000000,132965.003571,103432.000000,pincode,0.002641,8.169000,0.002533,Descriptive monitoring only; do not use sensitive/proxy-sensitive fields in the first baseline model without approved governance review.
XX957X,245,20,0.081633,37615163.000000,196938.026178,96279.000000,pincode,0.001823,8.163300,0.002559,Descriptive monitoring only; do not use sensitive/proxy-sensitive fields in the first baseline model without approved governance review.
XX554X,527,43,0.081594,55919431.000000,131266.269953,73533.000000,pincode,0.003921,8.159400,0.003804,Descriptive monitoring only; do not use sensitive/proxy-sensitive fields in the first baseline model without approved governance review.
XX346X,296,24,0.081081,31762782.000000,130711.037037,102554.000000,pincode,0.002202,8.108100,0.002161,Descriptive monitoring only; do not use sensitive/proxy-sensitive fields in the first baseline model without approved governance review.
XX450X,284,23,0.080986,36552568.000000,155542.842553,134464.000000,pincode,0.002113,8.098600,0.002487,Descriptive monitoring only; do not use sensitive/proxy-sensitive fields in the first baseline model without approved governance review.
XX221X,286,23,0.080420,45952485.000000,212742.986111,155430.000000,pincode,0.002128,8.042000,0.003126,Descriptive monitoring only; do not use sensitive/proxy-sensitive fields in the first baseline model without approved governance review.
XX351X,137,11,0.080292,14980286.000000,138706.351852,119679.000000,pincode,0.001019,8.029200,0.001019,Descriptive monitoring only; do not use sensitive/proxy-sensitive fields in the first baseline model without approved governance review.
XX68X,237,19,0.080169,43065219.000000,240587.815642,82207.000000,pincode,0.001763,8.016900,0.002930,Descriptive monitoring only; do not use sensitive/proxy-sensitive fields in the first baseline model without approved governance review.
XX770X,1012,81,0.080040,92239602.000000,117204.068615,77346.000000,pincode,0.007529,8.004000,0.006275,Descriptive monitoring only; do not use sensitive/proxy-sensitive fields in the first baseline model without approved governance review.
XX38X,150,12,0.080000,23878211.000000,189509.611111,162708.500000,pincode,0.001116,8.000000,0.001625,Descriptive monitoring only; do not use sensitive/proxy-sensitive fields in the first baseline model without approved governance review.
XX60X,401,32,0.079800,45183672.000000,144356.779553,103208.000000,pincode,0.002983,7.980000,0.003074,Descriptive monitoring only; do not use sensitive/proxy-sensitive fields in the first baseline model without approved governance review.
XX225X,138,11,0.079710,24180994.000000,219827.218182,199450.000000,pincode,0.001027,7.971000,0.001645,Descriptive monitoring only; do not use sensitive/proxy-sensitive fields in the first baseline model without approved governance review.
XX350X,190,15,0.078947,20644877.000000,130663.778481,108959.500000,pincode,0.001414,7.894700,0.001405,Descriptive monitoring only; do not use sensitive/proxy-sensitive fields in the first baseline model without approved governance review.
XX944X,114,9,0.078947,10521083.000000,115616.296703,45578.000000,pincode,0.000848,7.894700,0.000716,Descriptive monitoring only; do not use sensitive/proxy-sensitive fields in the first baseline model without approved governance review.
XX320X,242,19,0.078512,27183348.000000,145365.497326,119702.000000,pincode,0.001800,7.851200,0.001849,Descriptive monitoring only; do not use sensitive/proxy-sensitive fields in the first baseline model without approved governance review.
XX338X,268,21,0.078358,24682818.000000,119819.504854,93508.000000,pincode,0.001994,7.835800,0.001679,Descriptive monitoring only; do not use sensitive/proxy-sensitive fields in the first baseline model without approved governance review.
XX54X,128,10,0.078125,13568721.000000,147486.097826,120522.000000,pincode,0.000952,7.812500,0.000923,Descriptive monitoring only; do not use sensitive/proxy-sensitive fields in the first baseline model without approved governance review.
XX786X,423,33,0.078014,47430150.000000,144164.589666,124213.000000,pincode,0.003147,7.801400,0.003227,Descriptive monitoring only; do not use sensitive/proxy-sensitive fields in the first baseline model without approved governance review.
XX604X,695,54,0.077698,87310702.000000,152641.087413,133209.500000,pincode,0.005170,7.769800,0.005940,Descriptive monitoring only; do not use sensitive/proxy-sensitive fields in the first baseline model without approved governance review.
XX240X,142,11,0.077465,14648775.000000,129635.176991,69986.000000,pincode,0.001056,7.746500,0.000997,Descriptive monitoring only; do not use sensitive/proxy-sensitive fields in the first baseline model without approved governance review.
XX801X,375,29,0.077333,60451803.000000,198854.615132,175033.000000,pincode,0.002790,7.733300,0.004113,Descriptive monitoring only; do not use sensitive/proxy-sensitive fields in the first baseline model without approved governance review.
XX800X,519,40,0.077071,65554098.000000,153882.859155,92169.000000,pincode,0.003861,7.707100,0.004460,Descriptive monitoring only; do not use sensitive/proxy-sensitive fields in the first baseline model without approved governance review.
XX180X,234,18,0.076923,25564506.000000,146922.448276,127132.000000,pincode,0.001741,7.692300,0.001739,Descriptive monitoring only; do not use sensitive/proxy-sensitive fields in the first baseline model without approved governance review.
XX150X,183,14,0.076503,18329699.000000,122197.993333,103418.500000,pincode,0.001361,7.650300,0.001247,Descriptive monitoring only; do not use sensitive/proxy-sensitive fields in the first baseline model without approved governance review.
XX76X,301,23,0.076412,37891303.000000,157880.429167,47902.500000,pincode,0.002239,7.641200,0.002578,Descriptive monitoring only; do not use sensitive/proxy-sensitive fields in the first baseline model without approved governance review.
XX301X,629,48,0.076312,79213192.000000,158110.163673,139921.000000,pincode,0.004679,7.631200,0.005389,Descriptive monitoring only; do not use sensitive/proxy-sensitive fields in the first baseline model without approved governance review.
XX307X,118,9,0.076271,9421775.000000,103535.989011,78617.000000,pincode,0.000878,7.627100,0.000641,Descriptive monitoring only; do not use sensitive/proxy-sensitive fields in the first baseline model without approved governance review.
XX701X,158,12,0.075949,12826758.000000,111537.026087,78341.000000,pincode,0.001175,7.594900,0.000873,Descriptive monitoring only; do not use sensitive/proxy-sensitive fields in the first baseline model without approved governance review.
XX895X,172,13,0.075581,19197755.000000,138113.345324,59069.000000,pincode,0.001280,7.558100,0.001306,Descriptive monitoring only; do not use sensitive/proxy-sensitive fields in the first baseline model without approved governance review.
XX841X,212,16,0.075472,23804073.000000,137595.797688,64035.000000,pincode,0.001577,7.547200,0.001619,Descriptive monitoring only; do not use sensitive/proxy-sensitive fields in the first baseline model without approved governance review.
XX995X,186,14,0.075269,20083478.000000,139468.597222,73649.500000,pincode,0.001384,7.526900,0.001366,Descriptive monitoring only; do not use sensitive/proxy-sensitive fields in the first baseline model without approved governance review.
XX78X,226,17,0.075221,37173500.000000,205378.453039,193641.000000,pincode,0.001681,7.522100,0.002529,Descriptive monitoring only; do not use sensitive/proxy-sensitive fields in the first baseline model without approved governance review.
XX441X,440,33,0.075000,40123514.000000,111145.468144,93679.000000,pincode,0.003273,7.500000,0.002730,Descriptive monitoring only; do not use sensitive/proxy-sensitive fields in the first baseline model without approved governance review.
XX119X,134,10,0.074627,16537006.000000,165370.060000,49603.500000,pincode,0.000997,7.462700,0.001125,Descriptive monitoring only; do not use sensitive/proxy-sensitive fields in the first baseline model without approved governance review.
XX762X,269,20,0.074349,37823441.000000,170375.860360,161589.000000,pincode,0.002001,7.434900,0.002573,Descriptive monitoring only; do not use sensitive/proxy-sensitive fields in the first baseline model without approved governance review.
XX727X,203,15,0.073892,23013051.000000,142055.870370,126243.500000,pincode,0.001510,7.389200,0.001566,Descriptive monitoring only; do not use sensitive/proxy-sensitive fields in the first baseline model without approved governance review.
XX974X,203,15,0.073892,19380204.000000,121888.075472,51635.000000,pincode,0.001510,7.389200,0.001319,Descriptive monitoring only; do not use sensitive/proxy-sensitive fields in the first baseline model without approved governance review.
XX30X,204,15,0.073529,28911855.000000,175223.363636,172781.000000,pincode,0.001518,7.352900,0.001967,Descriptive monitoring only; do not use sensitive/proxy-sensitive fields in the first baseline model without approved governance review.
XX109X,313,23,0.073482,46363779.000000,182534.562992,92313.500000,pincode,0.002329,7.348200,0.003154,Descriptive monitoring only; do not use sensitive/proxy-sensitive fields in the first baseline model without approved governance review.
XX324X,109,8,0.073394,8157250.000000,103256.329114,61343.000000,pincode,0.000811,7.339400,0.000555,Descriptive monitoring only; do not use sensitive/proxy-sensitive fields in the first baseline model without approved governance review.
XX381X,123,9,0.073171,15602849.000000,126852.430894,81641.000000,pincode,0.000915,7.317100,0.001062,Descriptive monitoring only; do not use sensitive/proxy-sensitive fields in the first baseline model without approved governance review.
XX430X,425,31,0.072941,52916805.000000,155181.246334,134002.000000,pincode,0.003162,7.294100,0.003600,Descriptive monitoring only; do not use sensitive/proxy-sensitive fields in the first baseline model without approved governance review.
XX774X,550,40,0.072727,72335799.000000,160746.220000,141548.000000,pincode,0.004092,7.272700,0.004921,Descriptive monitoring only; do not use sensitive/proxy-sensitive fields in the first baseline model without approved governance review.
XX73X,193,14,0.072539,16313988.000000,112510.262069,35695.000000,pincode,0.001436,7.253900,0.001110,Descriptive monitoring only; do not use sensitive/proxy-sensitive fields in the first baseline model without approved governance review.
XX641X,263,19,0.072243,30748560.000000,139766.181818,124155.000000,pincode,0.001957,7.224300,0.002092,Descriptive monitoring only; do not use sensitive/proxy-sensitive fields in the first baseline model without approved governance review.
XX190X,444,32,0.072072,55584545.000000,163004.530792,93750.000000,pincode,0.003303,7.207200,0.003782,Descriptive monitoring only; do not use sensitive/proxy-sensitive fields in the first baseline model without approved governance review.
XX937X,181,13,0.071823,21356309.000000,146276.089041,99719.000000,pincode,0.001347,7.182300,0.001453,Descriptive monitoring only; do not use sensitive/proxy-sensitive fields in the first baseline model without approved governance review.
XX959X,211,15,0.071090,19763696.000000,119779.975758,54294.000000,pincode,0.001570,7.109000,0.001345,Descriptive monitoring only; do not use sensitive/proxy-sensitive fields in the first baseline model without approved governance review.
XX20X,197,14,0.071066,30292678.000000,201951.186667,95524.000000,pincode,0.001466,7.106600,0.002061,Descriptive monitoring only; do not use sensitive/proxy-sensitive fields in the first baseline model without approved governance review.
XX74X,254,18,0.070866,47577405.000000,230958.276699,161848.000000,pincode,0.001890,7.086600,0.003237,Descriptive monitoring only; do not use sensitive/proxy-sensitive fields in the first baseline model without approved governance review.
XX707X,156,11,0.070513,18971922.000000,150570.809524,146418.500000,pincode,0.001161,7.051300,0.001291,Descriptive monitoring only; do not use sensitive/proxy-sensitive fields in the first baseline model without approved governance review.
XX66X,142,10,0.070423,16581059.000000,142940.163793,65535.000000,pincode,0.001056,7.042300,0.001128,Descriptive monitoring only; do not use sensitive/proxy-sensitive fields in the first baseline model without approved governance review.
XX451X,114,8,0.070175,13186344.000000,138803.621053,123664.000000,pincode,0.000848,7.017500,0.000897,Descriptive monitoring only; do not use sensitive/proxy-sensitive fields in the first baseline model without approved governance review.
XX606X,1366,95,0.069546,127041090.000000,120304.062500,53695.000000,pincode,0.010162,6.954600,0.008643,Descriptive monitoring only; do not use sensitive/proxy-sensitive fields in the first baseline model without approved governance review.
XX145X,173,12,0.069364,16392132.000000,129071.905512,105026.000000,pincode,0.001287,6.936400,0.001115,Descriptive monitoring only; do not use sensitive/proxy-sensitive fields in the first baseline model without approved governance review.
XX303X,493,34,0.068966,70195866.000000,181854.575130,116476.000000,pincode,0.003668,6.896600,0.004776,Descriptive monitoring only; do not use sensitive/proxy-sensitive fields in the first baseline model without approved governance review.
XX809X,248,17,0.068548,33405012.000000,165371.346535,136848.500000,pincode,0.001845,6.854800,0.002273,Descriptive monitoring only; do not use sensitive/proxy-sensitive fields in the first baseline model without approved governance review.
XX245X,146,10,0.068493,15163426.000000,135387.732143,122229.000000,pincode,0.001086,6.849300,0.001032,Descriptive monitoring only; do not use sensitive/proxy-sensitive fields in the first baseline model without approved governance review.
XX234X,280,19,0.067857,40647901.000000,178280.267544,135907.000000,pincode,0.002083,6.785700,0.002765,Descriptive monitoring only; do not use sensitive/proxy-sensitive fields in the first baseline model without approved governance review.
XX10X,236,16,0.067797,27429902.000000,155851.715909,138652.500000,pincode,0.001756,6.779700,0.001866,Descriptive monitoring only; do not use sensitive/proxy-sensitive fields in the first baseline model without approved governance review.
XX934X,207,14,0.067633,25876969.000000,152217.464706,43000.000000,pincode,0.001540,6.763300,0.001761,Descriptive monitoring only; do not use sensitive/proxy-sensitive fields in the first baseline model without approved governance review.
XX440X,326,22,0.067485,37535235.000000,136989.908759,125718.500000,pincode,0.002425,6.748500,0.002554,Descriptive monitoring only; do not use sensitive/proxy-sensitive fields in the first baseline model without approved governance review.
XX932X,209,14,0.066986,22772123.000000,137181.463855,100911.500000,pincode,0.001555,6.698600,0.001549,Descriptive monitoring only; do not use sensitive/proxy-sensitive fields in the first baseline model without approved governance review.
XX23X,241,16,0.066390,33190399.000000,170207.174359,93642.000000,pincode,0.001793,6.639000,0.002258,Descriptive monitoring only; do not use sensitive/proxy-sensitive fields in the first baseline model without approved governance review.
XX752X,559,37,0.066190,50435363.000000,116478.898383,57644.000000,pincode,0.004159,6.619000,0.003431,Descriptive monitoring only; do not use sensitive/proxy-sensitive fields in the first baseline model without approved governance review.
XX297X,136,9,0.066176,19151729.000000,182397.419048,171351.000000,pincode,0.001012,6.617600,0.001303,Descriptive monitoring only; do not use sensitive/proxy-sensitive fields in the first baseline model without approved governance review.
XX194X,243,16,0.065844,31231134.000000,158533.675127,123894.000000,pincode,0.001808,6.584400,0.002125,Descriptive monitoring only; do not use sensitive/proxy-sensitive fields in the first baseline model without approved governance review.
XX460X,152,10,0.065789,25703848.000000,169104.263158,149607.000000,pincode,0.001131,6.578900,0.001749,Descriptive monitoring only; do not use sensitive/proxy-sensitive fields in the first baseline model without approved governance review.
XX760X,593,39,0.065767,62144313.000000,134803.281996,118822.000000,pincode,0.004412,6.576700,0.004228,Descriptive monitoring only; do not use sensitive/proxy-sensitive fields in the first baseline model without approved governance review.
XX144X,168,11,0.065476,12733843.000000,100266.480315,80428.000000,pincode,0.001250,6.547600,0.000866,Descriptive monitoring only; do not use sensitive/proxy-sensitive fields in the first baseline model without approved governance review.
XX462X,214,14,0.065421,24650082.000000,115187.299065,105517.500000,pincode,0.001592,6.542100,0.001677,Descriptive monitoring only; do not use sensitive/proxy-sensitive fields in the first baseline model without approved governance review.
XX224X,123,8,0.065041,24762804.000000,233611.358491,228983.000000,pincode,0.000915,6.504100,0.001685,Descriptive monitoring only; do not use sensitive/proxy-sensitive fields in the first baseline model without approved governance review.
XX600X,663,43,0.064857,93004146.000000,172229.900000,94374.500000,pincode,0.004932,6.485700,0.006327,Descriptive monitoring only; do not use sensitive/proxy-sensitive fields in the first baseline model without approved governance review.
XX275X,527,34,0.064516,68252290.000000,164068.004808,124493.500000,pincode,0.003921,6.451600,0.004643,Descriptive monitoring only; do not use sensitive/proxy-sensitive fields in the first baseline model without approved governance review.
XX910X,171,11,0.064327,18459044.000000,137754.059701,49830.500000,pincode,0.001272,6.432700,0.001256,Descriptive monitoring only; do not use sensitive/proxy-sensitive fields in the first baseline model without approved governance review.
XX530X,218,14,0.064220,27463909.000000,155163.327684,135981.000000,pincode,0.001622,6.422000,0.001868,Descriptive monitoring only; do not use sensitive/proxy-sensitive fields in the first baseline model without approved governance review.
XX368X,109,7,0.064220,14623701.000000,152330.218750,136845.000000,pincode,0.000811,6.422000,0.000995,Descriptive monitoring only; do not use sensitive/proxy-sensitive fields in the first baseline model without approved governance review.
XX173X,125,8,0.064000,14925013.000000,146323.656863,144584.500000,pincode,0.000930,6.400000,0.001015,Descriptive monitoring only; do not use sensitive/proxy-sensitive fields in the first baseline model without approved governance review.
XX601X,681,43,0.063142,85582541.000000,154202.776577,112539.000000,pincode,0.005066,6.314200,0.005823,Descriptive monitoring only; do not use sensitive/proxy-sensitive fields in the first baseline model without approved governance review.
XX67X,206,13,0.063107,21140188.000000,134650.878981,108610.000000,pincode,0.001533,6.310700,0.001438,Descriptive monitoring only; do not use sensitive/proxy-sensitive fields in the first baseline model without approved governance review.
XX410X,238,15,0.063025,25594264.000000,136139.702128,132230.500000,pincode,0.001771,6.302500,0.001741,Descriptive monitoring only; do not use sensitive/proxy-sensitive fields in the first baseline model without approved governance review.
XX660X,224,14,0.062500,25562690.000000,143610.617978,140617.000000,pincode,0.001666,6.250000,0.001739,Descriptive monitoring only; do not use sensitive/proxy-sensitive fields in the first baseline model without approved governance review.
XX785X,275,17,0.061818,23510871.000000,102667.558952,75262.000000,pincode,0.002046,6.181800,0.001600,Descriptive monitoring only; do not use sensitive/proxy-sensitive fields in the first baseline model without approved governance review.
XX782X,540,33,0.061111,60079136.000000,132918.442478,105032.000000,pincode,0.004017,6.111100,0.004087,Descriptive monitoring only; do not use sensitive/proxy-sensitive fields in the first baseline model without approved governance review.
XX708X,149,9,0.060403,14350715.000000,123713.060345,84606.000000,pincode,0.001108,6.040300,0.000976,Descriptive monitoring only; do not use sensitive/proxy-sensitive fields in the first baseline model without approved governance review.
XX630X,289,17,0.058824,34209070.000000,141359.793388,132348.000000,pincode,0.002150,5.882400,0.002327,Descriptive monitoring only; do not use sensitive/proxy-sensitive fields in the first baseline model without approved governance review.
XX206X,205,12,0.058537,41680801.000000,243747.374269,230090.000000,pincode,0.001525,5.853700,0.002836,Descriptive monitoring only; do not use sensitive/proxy-sensitive fields in the first baseline model without approved governance review.
XX544X,103,6,0.058252,8349686.000000,91754.791209,82456.000000,pincode,0.000766,5.825200,0.000568,Descriptive monitoring only; do not use sensitive/proxy-sensitive fields in the first baseline model without approved governance review.
XX208X,379,22,0.058047,63921249.000000,213783.441472,85295.000000,pincode,0.002820,5.804700,0.004349,Descriptive monitoring only; do not use sensitive/proxy-sensitive fields in the first baseline model without approved governance review.
XX787X,517,30,0.058027,51870396.000000,130327.628141,81369.500000,pincode,0.003846,5.802700,0.003529,Descriptive monitoring only; do not use sensitive/proxy-sensitive fields in the first baseline model without approved governance review.
XX941X,708,41,0.057910,50188483.000000,97076.369439,37338.000000,pincode,0.005267,5.791000,0.003415,Descriptive monitoring only; do not use sensitive/proxy-sensitive fields in the first baseline model without approved governance review.
XX757X,104,6,0.057692,12247337.000000,137610.528090,104466.000000,pincode,0.000774,5.769200,0.000833,Descriptive monitoring only; do not use sensitive/proxy-sensitive fields in the first baseline model without approved governance review.
XX254X,123,7,0.056911,18602499.000000,172245.361111,158055.500000,pincode,0.000915,5.691100,0.001266,Descriptive monitoring only; do not use sensitive/proxy-sensitive fields in the first baseline model without approved governance review.
XX405X,123,7,0.056911,15267997.000000,151168.287129,135797.000000,pincode,0.000915,5.691100,0.001039,Descriptive monitoring only; do not use sensitive/proxy-sensitive fields in the first baseline model without approved governance review.
XX79X,123,7,0.056911,18733727.000000,189229.565657,49724.000000,pincode,0.000915,5.691100,0.001275,Descriptive monitoring only; do not use sensitive/proxy-sensitive fields in the first baseline model without approved governance review.
XX308X,106,6,0.056604,13937065.000000,162058.895349,155396.500000,pincode,0.000789,5.660400,0.000948,Descriptive monitoring only; do not use sensitive/proxy-sensitive fields in the first baseline model without approved governance review.
XX730X,230,13,0.056522,27667746.000000,152860.475138,138759.000000,pincode,0.001711,5.652200,0.001882,Descriptive monitoring only; do not use sensitive/proxy-sensitive fields in the first baseline model without approved governance review.
XX972X,431,24,0.055684,43439601.000000,130449.252252,58426.000000,pincode,0.003206,5.568400,0.002955,Descriptive monitoring only; do not use sensitive/proxy-sensitive fields in the first baseline model without approved governance review.
XX605X,509,28,0.055010,69480182.000000,169463.858537,141847.500000,pincode,0.003787,5.501000,0.004727,Descriptive monitoring only; do not use sensitive/proxy-sensitive fields in the first baseline model without approved governance review.
XX105X,364,20,0.054945,60564042.000000,207411.102740,84550.500000,pincode,0.002708,5.494500,0.004120,Descriptive monitoring only; do not use sensitive/proxy-sensitive fields in the first baseline model without approved governance review.
XX152X,348,19,0.054598,28702684.000000,102509.585714,64080.500000,pincode,0.002589,5.459800,0.001953,Descriptive monitoring only; do not use sensitive/proxy-sensitive fields in the first baseline model without approved governance review.
XX305X,258,14,0.054264,29047853.000000,135106.293023,117392.000000,pincode,0.001919,5.426400,0.001976,Descriptive monitoring only; do not use sensitive/proxy-sensitive fields in the first baseline model without approved governance review.
XX226X,111,6,0.054054,16276154.000000,167795.402062,155208.000000,pincode,0.000826,5.405400,0.001107,Descriptive monitoring only; do not use sensitive/proxy-sensitive fields in the first baseline model without approved governance review.
XX483X,410,22,0.053659,51433598.000000,149952.180758,112295.000000,pincode,0.003050,5.365900,0.003499,Descriptive monitoring only; do not use sensitive/proxy-sensitive fields in the first baseline model without approved governance review.
XX146X,226,12,0.053097,17980013.000000,100447.000000,100022.000000,pincode,0.001681,5.309700,0.001223,Descriptive monitoring only; do not use sensitive/proxy-sensitive fields in the first baseline model without approved governance review.
XX492X,115,6,0.052174,12704451.000000,133731.063158,121989.000000,pincode,0.000856,5.217400,0.000864,Descriptive monitoring only; do not use sensitive/proxy-sensitive fields in the first baseline model without approved governance review.
XX294X,308,16,0.051948,39118266.000000,145963.679104,107275.500000,pincode,0.002291,5.194800,0.002661,Descriptive monitoring only; do not use sensitive/proxy-sensitive fields in the first baseline model without approved governance review.
XX454X,155,8,0.051613,15075930.000000,115083.435115,111296.000000,pincode,0.001153,5.161300,0.001026,Descriptive monitoring only; do not use sensitive/proxy-sensitive fields in the first baseline model without approved governance review.
XX773X,543,28,0.051565,67188498.000000,155889.786543,132453.000000,pincode,0.004040,5.156500,0.004571,Descriptive monitoring only; do not use sensitive/proxy-sensitive fields in the first baseline model without approved governance review.
XX380X,117,6,0.051282,21086115.000000,180223.205128,160390.000000,pincode,0.000870,5.128200,0.001435,Descriptive monitoring only; do not use sensitive/proxy-sensitive fields in the first baseline model without approved governance review.
XX156X,140,7,0.050000,14205978.000000,121418.615385,96191.000000,pincode,0.001042,5.000000,0.000966,Descriptive monitoring only; do not use sensitive/proxy-sensitive fields in the first baseline model without approved governance review.
XX200X,384,19,0.049479,46902965.000000,165734.858657,67960.000000,pincode,0.002857,4.947900,0.003191,Descriptive monitoring only; do not use sensitive/proxy-sensitive fields in the first baseline model without approved governance review.
XX222X,165,8,0.048485,14991168.000000,128129.641026,55688.000000,pincode,0.001228,4.848500,0.001020,Descriptive monitoring only; do not use sensitive/proxy-sensitive fields in the first baseline model without approved governance review.
XX494X,132,6,0.045455,11958324.000000,119583.240000,90589.500000,pincode,0.000982,4.545500,0.000814,Descriptive monitoring only; do not use sensitive/proxy-sensitive fields in the first baseline model without approved governance review.
XX24X,156,7,0.044872,18590413.000000,157545.872881,57073.500000,pincode,0.001161,4.487200,0.001265,Descriptive monitoring only; do not use sensitive/proxy-sensitive fields in the first baseline model without approved governance review.
XX610X,112,5,0.044643,9536872.000000,107155.865169,79813.000000,pincode,0.000833,4.464300,0.000649,Descriptive monitoring only; do not use sensitive/proxy-sensitive fields in the first baseline model without approved governance review.
XX293X,122,5,0.040984,12843935.000000,129736.717172,129673.000000,pincode,0.000908,4.098400,0.000874,Descriptive monitoring only; do not use sensitive/proxy-sensitive fields in the first baseline model without approved governance review.
XX461X,132,5,0.037879,20977544.000000,158920.787879,151919.500000,pincode,0.000982,3.787900,0.001427,Descriptive monitoring only; do not use sensitive/proxy-sensitive fields in the first baseline model without approved governance review.
XX370X,213,7,0.032864,34892764.000000,163815.793427,141605.000000,pincode,0.001585,3.286400,0.002374,Descriptive monitoring only; do not use sensitive/proxy-sensitive fields in the first baseline model without approved governance review.
XX448X,117,3,0.025641,11445392.000000,112209.725490,105738.000000,pincode,0.000870,2.564100,0.000779,Descriptive monitoring only; do not use sensitive/proxy-sensitive fields in the first baseline model without approved governance review.
XX371X,129,3,0.023256,21415569.000000,166012.162791,147830.000000,pincode,0.000960,2.325600,0.001457,Descriptive monitoring only; do not use sensitive/proxy-sensitive fields in the first baseline model without approved governance review.
XX781X,159,3,0.018868,20554302.000000,156903.068702,128675.000000,pincode,0.001183,1.886800,0.001398,Descriptive monitoring only; do not use sensitive/proxy-sensitive fields in the first baseline model without approved governance review.
No,44912,4097,0.091223,4905472762.000000,137674.293789,77357.000000,social_profile,0.334124,9.122300,0.333739,Descriptive monitoring only; do not use sensitive/proxy-sensitive fields in the first baseline model without approved governance review.
Yes,44659,4059,0.090889,4897465153.000000,138069.554086,75986.000000,social_profile,0.332242,9.088900,0.333194,Descriptive monitoring only; do not use sensitive/proxy-sensitive fields in the first baseline model without approved governance review.
Unknown,44846,3997,0.089127,4895581973.000000,137219.552457,76331.000000,social_profile,0.333633,8.912700,0.333066,Descriptive monitoring only; do not use sensitive/proxy-sensitive fields in the first baseline model without approved governance review.
Source Verified,33630,3125,0.092923,3659234232.000000,136472.391452,75565.000000,is_verified,0.250192,9.292300,0.248953,Descriptive monitoring only; do not use sensitive/proxy-sensitive fields in the first baseline model without approved governance review.
Unknown,33507,3057,0.091235,3734907051.000000,139994.267064,78946.000000,is_verified,0.249277,9.123500,0.254101,Descriptive monitoring only; do not use sensitive/proxy-sensitive fields in the first baseline model without approved governance review.
Not Verified,33722,3024,0.089674,3654402811.000000,136766.572268,75422.000000,is_verified,0.250876,8.967400,0.248624,Descriptive monitoring only; do not use sensitive/proxy-sensitive fields in the first baseline model without approved governance review.
Verified,33558,2947,0.087818,3649975794.000000,137387.578349,76603.000000,is_verified,0.249656,8.781800,0.248323,Descriptive monitoring only; do not use sensitive/proxy-sensitive fields in the first baseline model without approved governance review.
